{
  "n": 70,
  "category_acc": 0.9285714285714286,
  "decision_acc": 0.8714285714285714,
  "dangerous_miss": 9,
  "citation_hit": 0.0,
  "overpromise_rate": 0.3333333333333333,
  "avg_sec": 3.82,
  "api_failed": 0
}
