{
  "n": 70,
  "category_acc": 0.9857142857142858,
  "decision_acc": 0.9428571428571428,
  "dangerous_miss": 2,
  "citation_hit": 0.8985507246376812,
  "overpromise_rate": 0.0,
  "avg_sec": 10.39,
  "api_failed": 0
}
