{
  "n": 70,
  "category_acc": 0.9571428571428572,
  "decision_acc": 0.7428571428571429,
  "dangerous_miss": 0,
  "citation_hit": 0.8695652173913043,
  "overpromise_rate": 0.0,
  "avg_sec": 6.3,
  "api_failed": 0
}
