{
  "n": 70,
  "category_acc": 0.9285714285714286,
  "decision_acc": 0.7428571428571429,
  "dangerous_miss": 5,
  "citation_hit": 0.782608695652174,
  "overpromise_rate": 0.0,
  "avg_sec": 250.41,
  "api_failed": 0
}
